Piper,Diaz,666493197,Cambridge
Cynthia,Boone,633570918,Cambridge
Kelsey,Mclaughlin,678198559,Cambridge
Aretha,Swanson,524547554,Cambridge
Uma,Cook,594286536,Burlington
Deborah,James,301043257,Brant
Sybill,Dillon,947724860,Burlington
Amethyst,Tate,219679061,Cambridge
Wendy,Gould,611882112,Cambridge
Sacha,Lindsay,575393566,Brant
Melvin,Clay,668380612,Brant
Gail,Marshall,561356781,Brant
Mariko,Phillips,664575557,Brant
Leigh,Galloway,161302070,Burlington
Deborah,Pratt,687240987,Cambridge
Nina,Dodson,643032984,Brant
Fulton,Jackson,207334953,Brant
Sophia,Gibbs,750591545,Brant
Zephania,Ryan,807452382,Cambridge
Daryl,Page,821617233,Cambridge
Kaitlin,Dunlap,353126725,Brant
Amelia,Collins,585777245,Cambridge
Martena,Garrison,975964095,Cambridge
Amos,Deleon,470809687,Burlington
Janna,Moreno,232006495,Brant
Declan,Benson,945085077,Brant
Lawrence,Mccray,565969156,Burlington
Davis,Sims,316870210,Cambridge
Laith,Maxwell,795757216,Burlington
Quintessa,Hatfield,436387568,Burlington
Inez,Delaney,644733243,Burlington
Derek,Lowe,552886899,Brant
Tara,Yang,572815537,Burlington
Tallulah,Stanley,674698189,Burlington
Ava,Brown,399931906,Burlington
Susan,Simmons,178126357,Burlington
Charissa,Huffman,704714821,Burlington
Nicholas,Hoover,770202999,Burlington
Richard,Houston,611974030,Brant
Hall,Morales,385264471,Cambridge
Zia,Fisher,471549547,Burlington
Herman,Vega,278628151,Cambridge
Buffy,Roach,670709920,Cambridge
Zephr,Hancock,159477992,Burlington
Gareth,Russo,190758144,Brant
Colleen,Wood,648031036,Burlington
Gil,Rivas,602420489,Brant
Anne,Larsen,712816966,Cambridge
Shafira,Peters,102149238,Cambridge
Neil,Ashley,664630286,Brant
Iola,Owens,220864651,Cambridge
Chester,Sims,904866517,Burlington
Talon,Randall,806190484,Brant
Aphrodite,Mccullough,177552083,Cambridge
Fitzgerald,Gay,389337804,Brant
Candace,Garrison,445863444,Brant
Hiroko,Adkins,879130699,Brant
Chantale,Sanchez,229271453,Burlington
Baxter,Robertson,723266386,Cambridge
Anjolie,Faulkner,251308187,Burlington
Regan,Summers,497882772,Burlington
Dominique,Bowers,503421238,Burlington
Amos,Parrish,679500937,Cambridge
Bert,Delacruz,961309131,Burlington
Samantha,Dunn,926241297,Brant
Zahir,Bush,576165198,Cambridge
Neville,Christensen,428355423,Cambridge
Hedwig,Carr,962180000,Burlington
Jerome,Cote,639681864,Cambridge
Aquila,Coffey,563233328,Brant
Brendan,Lambert,759237652,Brant
Sandra,Walls,844344059,Burlington
Meredith,Cohen,419451191,Burlington
Sandra,Harrison,571826516,Burlington
Eagan,Hart,999037312,Cambridge
Chaney,Bradshaw,742418487,Cambridge
Steven,Hampton,607899764,Brant
Ingrid,Hicks,348463094,Brant
Carissa,Weiss,228059387,Burlington
Denton,Sellers,805529963,Cambridge
Savannah,Woods,917681917,Burlington
Ingrid,Davenport,673635276,Burlington
Halee,Rios,149289286,Cambridge
Gretchen,Garner,501630155,Burlington
Ivana,Short,438581834,Brant
Noah,Reid,425569911,Burlington
Odette,Callahan,781456681,Burlington
Maryam,Lee,351850516,Cambridge
Idola,Wolfe,656723447,Brant
Kamal,Velez,470405877,Burlington
Fuller,Bryan,961558688,Burlington
Oleg,Benton,534588890,Cambridge
Ferris,Rollins,328177151,Brant
Jane,Duffy,994771129,Cambridge
Erica,Hopkins,752092365,Brant
Mason,Strickland,415635761,Brant
Eliana,Owens,467658052,Burlington
Candace,Simon,765833447,Cambridge
Ezekiel,Potts,620399859,Burlington
Nerea,Mcmillan,759135565,Cambridge